System failure,600.10113
System restart,615.977333
Recovery,615.990475,4330.14752
Benchmark,615.990504,5272.180255
System failure,5272.180255
0,30310
1,27030
2,26150
3,24963
4,23906
5,22040
6,22080
7,22157
8,22286
9,21729
10,22249
11,22176
12,21601
13,21829
14,22218
15,22152
16,21626
17,21060
18,22229
19,22111
20,21959
21,22294
22,22073
23,21751
24,21663
25,22243
26,18688
27,22082
28,21961
29,22222
30,22174
31,22430
32,22441
33,20693
34,22385
35,21865
36,22040
37,21733
38,21868
39,22361
40,22516
41,22106
42,22302
43,22277
44,22048
45,22089
46,21537
47,22443
48,21923
49,22119
50,22196
51,21821
52,22209
53,22033
54,22291
55,22366
56,22071
57,21960
58,21989
59,22192
60,21669
61,21967
62,21637
63,22367
64,22351
65,19929
66,22361
67,21957
68,21832
69,22277
70,21704
71,22122
72,22040
73,21902
74,21963
75,22237
76,21899
77,21726
78,22111
79,22302
80,22010
81,22191
82,22081
83,21806
84,21984
85,21849
86,21963
87,22168
88,22097
89,22072
90,22143
91,22040
92,21891
93,21794
94,22087
95,21618
96,22137
97,22127
98,21600
99,21986
100,21575
101,22475
102,21815
103,22383
104,22078
105,22177
106,21741
107,22096
108,22236
109,21858
110,21971
111,21824
112,21888
113,21987
114,22469
115,21764
116,22504
117,22110
118,22436
119,22035
120,22232
121,22202
122,21941
123,21889
124,22451
125,21663
126,21983
127,22267
128,21589
129,19006
130,22369
131,22231
132,21793
133,22582
134,21741
135,22202
136,22129
137,21792
138,22126
139,21803
140,22450
141,22853
142,21870
143,22495
144,21684
145,18966
146,22042
147,22175
148,22499
149,22008
150,21882
151,22218
152,22248
153,22482
154,22123
155,22013
156,22028
157,22217
158,21930
159,21657
160,21625
161,22143
162,22040
163,22008
164,21728
165,22458
166,21841
167,22073
168,21749
169,21782
170,22032
171,22553
172,22151
173,22177
174,21957
175,21804
176,22109
177,22075
178,21665
179,22183
180,22309
181,21858
182,22129
183,22441
184,21600
185,22270
186,22437
187,21722
188,21932
189,22284
190,21956
191,22234
192,21692
193,22254
194,22178
195,22232
196,21777
197,22543
198,22232
199,22184
200,22422
201,21606
202,22033
203,22450
204,21721
205,22308
206,21944
207,21778
208,22247
209,21902
210,22033
211,21821
212,21816
213,22502
214,21883
215,21612
216,21694
217,21285
218,22397
219,21706
220,21738
221,22588
222,21679
223,22297
224,22199
225,21498
226,22279
227,21889
228,21836
229,22169
230,21766
231,22226
232,22366
233,21937
234,21894
235,22085
236,21760
237,22126
238,21672
239,22117
240,22008
241,22379
242,21616
243,22271
244,22021
245,22074
246,22166
247,21984
248,22151
249,22108
250,21806
251,22118
252,22179
253,21686
254,22074
255,22230
256,21859
257,16816
258,22101
259,22218
260,21662
261,21725
262,21980
263,17820
264,21463
265,21873
266,22115
267,21699
268,21681
269,22050
270,21963
271,21463
272,21681
273,21596
274,21784
275,21795
276,21681
277,22085
278,22207
279,22071
280,22127
281,22519
282,20313
283,22153
284,22231
285,22191
286,22368
287,21970
288,22156
289,22314
290,22272
291,22346
292,22304
293,22070
294,22068
295,22284
296,22263
297,21999
298,21546
299,22406
300,22036
301,22013
302,22281
303,21979
304,22091
305,22094
306,22201
307,21977
308,22399
309,22341
310,22419
311,22203
312,22431
313,22168
314,21950
315,22261
316,22546
317,21824
318,21955
319,22329
320,22510
321,22153
322,22579
323,22087
324,21744
325,21753
326,21942
327,22040
328,21797
329,21928
330,22425
331,22143
332,22306
333,22095
334,21646
335,22106
336,22276
337,22277
338,21613
339,22290
340,22375
341,21578
342,22163
343,21947
344,22337
345,22197
346,22065
347,21890
348,22091
349,22190
350,22240
351,22220
352,22464
353,22184
354,22316
355,22190
356,21799
357,22199
358,22464
359,22155
360,22465
361,21951
362,22175
363,22311
364,22192
365,22079
366,22419
367,21916
368,22057
369,22325
370,22151
371,22255
372,22128
373,22246
374,22467
375,22398
376,22055
377,22215
378,22315
379,22215
380,22075
381,19105
382,22205
383,22268
384,22142
385,21859
386,22138
387,22111
388,22176
389,22171
390,22262
391,22173
392,22092
393,22271
394,22386
395,22806
396,22473
397,22066
398,22186
399,22452
400,22173
401,22121
402,21952
403,22167
404,22438
405,22275
406,22301
407,22269
408,22096
409,21821
410,22108
411,22118
412,22234
413,22299
414,21847
415,22288
416,22430
417,21609
418,22303
419,22364
420,22346
421,22128
422,22189
423,21950
424,22395
425,22280
426,22134
427,22473
428,22247
429,22140
430,22435
431,22333
432,22400
433,22073
434,22292
435,22282
436,22092
437,21956
438,22104
439,21883
440,22181
441,22287
442,22052
443,22352
444,22223
445,22362
446,22381
447,22056
448,22203
449,22111
450,22019
451,21886
452,22230
453,22546
454,22443
455,22361
456,21787
457,22274
458,22057
459,22620
460,22272
461,21910
462,22192
463,22362
464,22379
465,22456
466,21761
467,22005
468,22094
469,22401
470,22411
471,22213
472,22139
473,22135
474,22153
475,22328
476,22119
477,22316
478,22078
479,21893
480,22471
481,22098
482,21923
483,22325
484,22307
485,22474
486,22525
487,21969
488,21873
489,22435
490,22274
491,22015
492,22007
493,22118
494,22058
495,22257
496,21962
497,22251
498,18562
499,21755
500,22123
501,22399
502,21945
503,21538
504,22061
505,22531
506,22146
507,22412
508,22381
509,21728
510,22250
511,22206
512,21555
513,12389
514,22470
515,22367
516,22211
517,22256
518,22210
519,22774
520,22798
521,22320
522,22655
523,22207
524,22638
525,22241
526,21823
527,22214
528,21896
529,22444
530,22354
531,22275
532,22369
533,22531
534,21901
535,22245
536,22056
537,21736
538,21789
539,22078
540,22326
541,22412
542,22295
543,22135
544,21997
545,22188
546,22440
547,22049
548,21501
549,21956
550,22622
551,21794
552,22375
553,22353
554,22065
555,22612
556,22425
557,22117
558,22002
559,21945
560,22324
561,22124
562,22471
563,21913
564,22540
565,22248
566,21929
567,21896
568,22416
569,22208
570,21648
571,22228
572,22219
573,22012
574,22028
575,22166
576,22165
577,22269
578,22050
579,22378
580,22191
581,20351
582,21386
583,21517
584,21967
585,22212
586,21807
587,21792
588,21916
589,21611
590,22349
591,22063
592,22309
593,21932
594,22203
595,22353
596,22231
597,22460
598,22536
599,22425
600,1289
601,0
602,0
603,0
604,0
605,0
606,0
607,0
608,0
609,0
610,0
611,0
612,0
613,0
614,0
615,0
616,19743
617,21557
618,21141
619,22110
620,19921
621,22277
622,19734
623,22365
624,19851
625,21490
626,20102
627,22258
628,19570
629,22087
630,19793
631,22621
632,22199
633,19177
634,22584
635,20284
636,22602
637,19683
638,22056
639,19423
640,22609
641,22355
642,20037
643,19305
644,209
645,0
646,42
647,159
648,7353
649,22203
650,22038
651,20915
652,22148
653,22569
654,22066
655,22355
656,22176
657,21975
658,22002
659,22289
660,22161
661,22028
662,21937
663,22452
664,22134
665,22499
666,22538
667,22005
668,22328
669,22191
670,22406
671,22087
672,22100
673,22310
674,22670
675,22451
676,22180
677,21909
678,22341
679,22271
680,22497
681,22366
682,21983
683,20461
684,22184
685,22419
686,22092
687,22394
688,22463
689,22609
690,22440
691,22063
692,21962
693,22619
694,22527
695,21796
696,22451
697,22077
698,22256
699,22436
700,21811
701,22408
702,22423
703,22115
704,22349
705,22334
706,22161
707,22134
708,22190
709,22287
710,22081
711,22087
712,22352
713,22278
714,22092
715,22215
716,22952
717,22377
718,22338
719,22198
720,22164
721,22315
722,22329
723,22243
724,22395
725,22542
726,22267
727,22272
728,22076
729,22253
730,22354
731,22100
732,22353
733,22679
734,22584
735,22216
736,22446
737,21994
738,22136
739,22417
740,22451
741,22459
742,22410
743,19059
744,22400
745,22269
746,21632
747,19046
748,21952
749,22517
750,22421
751,22526
752,22815
753,21975
754,21985
755,22183
756,22532
757,22542
758,22123
759,22107
760,22384
761,22508
762,22335
763,21906
764,22263
765,22300
766,22448
767,21946
768,22415
769,22477
770,22410
771,22083
772,22502
773,22181
774,22391
775,22522
776,22265
777,22581
778,22371
779,21899
780,22378
781,21952
782,22627
783,22541
784,22291
785,22157
786,22190
787,22592
788,22128
789,22511
790,22077
791,22309
792,22253
793,22586
794,22422
795,22121
796,22247
797,21791
798,22830
799,22623
800,22488
801,22430
802,22487
803,22633
804,22131
805,22079
806,21968
807,22270
808,21894
809,22127
810,22660
811,21930
812,22550
813,22107
814,21876
815,22026
816,22677
817,22597
818,22340
819,22390
820,21811
821,22286
822,22215
823,22170
824,22865
825,22392
826,22460
827,22397
828,22246
829,22610
830,21981
831,22258
832,22075
833,22486
834,22167
835,22523
836,22125
837,22436
838,22522
839,22599
840,22364
841,22527
842,22160
843,22323
844,22435
845,22613
846,22371
847,22660
848,22419
849,22234
850,22600
851,22535
852,22150
853,22247
854,22540
855,22525
856,18748
857,22364
858,22266
859,22644
860,22266
861,22460
862,22492
863,22668
864,22259
865,21842
866,22199
867,22645
868,22466
869,21974
870,22342
871,22427
872,22627
873,22851
874,21342
875,17551
876,22057
877,22545
878,22591
879,22384
880,22403
881,22265
882,22083
883,22332
884,21948
885,22495
886,21886
887,22513
888,22026
889,22203
890,21790
891,22314
892,21825
893,22007
894,22211
895,21946
896,21948
897,22017
898,22313
899,22250
900,22245
901,22399
902,22386
903,22453
904,22259
905,22480
906,22193
907,22242
908,22538
909,22272
910,21292
911,22259
912,22381
913,22565
914,22078
915,22135
916,22284
917,22171
918,23033
919,22229
920,22159
921,22411
922,22372
923,21951
924,22218
925,22188
926,22709
927,22566
928,22481
929,22604
930,22464
931,22227
932,22448
933,22085
934,22448
935,22443
936,22781
937,22455
938,22173
939,22421
940,22729
941,22454
942,22125
943,22384
944,22218
945,22688
946,22070
947,22271
948,22526
949,22531
950,22598
951,22334
952,22341
953,22771
954,22267
955,22207
956,22182
957,22058
958,22713
959,22409
960,23034
961,22542
962,22438
963,21950
964,22168
965,21946
966,22195
967,22366
968,22087
969,18687
970,22424
971,22139
972,22533
973,22383
974,22218
975,21968
976,22838
977,22053
978,22299
979,22607
980,22464
981,21990
982,22506
983,22446
984,22331
985,22320
986,22416
987,22271
988,22606
989,22270
990,22531
991,22379
992,22154
993,22429
994,22390
995,22408
996,22498
997,21972
998,22367
999,22297
1000,22191
1001,22430
1002,22030
1003,22803
1004,22201
1005,22123
1006,22004
1007,22609
1008,22436
1009,22473
1010,22207
1011,22104
1012,22253
1013,22417
1014,22511
1015,22523
1016,22536
1017,22398
1018,22134
1019,22519
1020,22177
1021,22423
1022,22711
1023,22191
1024,22200
1025,22292
1026,22495
1027,22279
1028,22332
1029,22588
1030,22183
1031,22477
1032,22185
1033,22461
1034,22328
1035,22380
1036,22328
1037,22293
1038,22152
1039,22406
1040,22298
1041,21976
1042,22273
1043,22324
1044,22277
1045,22631
1046,22501
1047,22467
1048,22502
1049,22356
1050,21948
1051,22202
1052,22239
1053,22260
1054,22427
1055,22385
1056,22453
1057,22373
1058,22461
1059,22340
1060,22306
1061,22238
1062,22389
1063,22470
1064,22278
1065,21939
1066,22098
1067,22395
1068,22545
1069,22485
1070,22500
1071,22064
1072,22104
1073,22515
1074,22257
1075,22396
1076,22238
1077,22590
1078,22219
1079,22166
1080,19649
1081,22380
1082,22358
1083,22427
1084,22429
1085,22033
1086,22348
1087,22352
1088,22174
1089,22205
1090,22439
1091,22278
1092,22044
1093,22278
1094,22212
1095,22408
1096,22400
1097,22152
1098,21907
1099,22334
1100,22146
1101,22079
1102,22004
1103,21925
1104,22109
1105,22466
1106,22322
1107,22197
1108,22314
1109,22385
1110,22361
1111,22774
1112,21918
1113,22320
1114,22145
1115,22197
1116,22477
1117,21297
1118,22243
1119,22222
1120,22250
1121,22554
1122,22103
1123,22172
1124,22559
1125,22001
1126,21963
1127,22251
1128,22257
1129,22119
1130,20648
1131,13511
1132,21255
1133,22351
1134,22415
1135,22593
1136,22454
1137,22722
1138,22534
1139,22383
1140,22522
1141,22610
1142,22743
1143,22499
1144,22331
1145,22220
1146,22729
1147,22942
1148,22072
1149,22172
1150,22396
1151,22076
1152,22124
1153,22136
1154,22442
1155,21217
1156,22250
1157,22086
1158,22361
1159,22239
1160,22300
1161,22418
1162,22443
1163,22182
1164,21858
1165,22297
1166,22177
1167,22284
1168,22145
1169,22312
1170,22249
1171,22404
1172,21897
1173,22323
1174,22190
1175,22330
1176,22538
1177,22071
1178,22241
1179,22277
1180,22376
1181,22042
1182,22092
1183,22634
1184,22127
1185,22800
1186,22491
1187,22426
1188,22140
1189,21955
1190,22264
1191,21514
1192,22556
1193,22267
1194,22463
1195,22373
1196,22248
1197,22121
1198,22124
1199,22279
1200,22326
1201,22108
1202,22070
1203,22189
1204,22003
1205,22434
1206,22267
1207,22365
1208,22450
1209,22401
1210,22222
1211,22266
1212,22029
1213,22503
1214,22522
1215,22041
1216,21959
1217,22575
1218,22435
1219,22471
1220,22154
1221,22318
1222,21895
1223,22071
1224,22300
1225,22260
1226,23287
1227,22359
1228,19974
1229,22163
1230,22211
1231,22136
1232,22476
1233,22237
1234,22265
1235,22490
1236,22466
1237,22460
1238,22330
1239,22205
1240,22213
1241,22503
1242,22068
1243,22158
1244,21925
1245,22131
1246,22499
1247,22760
1248,22095
1249,22129
1250,22568
1251,21949
1252,22108
1253,22227
1254,22048
1255,21830
1256,22141
1257,22205
1258,22752
1259,22598
1260,22157
1261,22207
1262,22570
1263,22024
1264,21940
1265,21743
1266,22444
1267,22434
1268,22159
1269,22294
1270,22499
1271,22026
1272,22273
1273,22198
1274,22749
1275,22481
1276,22230
1277,22184
1278,22397
1279,22013
1280,22468
1281,22549
1282,22170
1283,22143
1284,22399
1285,22347
1286,22271
1287,22157
1288,22918
1289,21907
1290,22202
1291,22096
1292,22011
1293,22627
1294,22262
1295,22098
1296,21964
1297,21859
1298,22594
1299,22131
1300,22312
1301,21947
1302,21649
1303,22255
1304,22352
1305,22082
1306,22658
1307,22237
1308,22249
1309,22104
1310,22304
1311,22738
1312,22167
1313,22203
1314,22062
1315,22211
1316,22034
1317,22370
1318,22377
1319,22426
1320,22174
1321,22093
1322,22311
1323,22146
1324,22104
1325,22776
1326,22394
1327,22644
1328,22576
1329,22324
1330,22569
1331,22156
1332,22310
1333,22298
1334,22274
1335,22600
1336,22015
1337,22000
1338,21477
1339,22615
1340,21894
1341,21969
1342,22779
1343,22407
1344,22075
1345,22329
1346,22393
1347,22365
1348,21871
1349,22479
1350,22042
1351,22492
1352,22408
1353,22357
1354,22145
1355,22501
1356,22095
1357,21954
1358,22050
1359,22397
1360,21769
1361,22380
1362,22657
1363,22539
1364,22007
1365,21681
1366,22241
1367,22257
1368,22770
1369,22385
1370,22557
1371,22436
1372,22176
1373,22395
1374,22055
1375,20167
1376,22013
1377,22578
1378,22264
1379,22383
1380,22087
1381,22549
1382,22550
1383,22478
1384,22357
1385,22200
1386,22499
1387,22246
1388,22290
1389,22157
1390,22601
1391,22020
1392,21857
1393,22194
1394,22348
1395,22209
1396,22152
1397,22048
1398,22449
1399,22386
1400,21997
1401,22272
1402,22049
1403,22609
1404,22175
1405,22460
1406,22308
1407,22426
1408,22103
1409,22285
1410,22456
1411,22429
1412,20882
1413,21973
1414,22197
1415,19914
1416,22386
1417,22027
1418,19683
1419,22442
1420,20029
1421,22343
1422,19985
1423,22441
1424,20538
1425,21422
1426,22509
1427,19957
1428,22062
1429,19808
1430,22768
1431,19656
1432,22590
1433,22115
1434,19500
1435,22319
1436,19719
1437,22181
1438,20115
1439,22560
1440,22134
1441,19838
1442,22340
1443,20305
1444,22522
1445,19708
1446,22278
1447,20195
1448,22190
1449,22266
1450,19931
1451,22352
1452,20035
1453,21978
1454,20053
1455,22319
1456,22724
1457,19840
1458,22122
1459,20191
1460,22084
1461,19937
1462,22555
1463,22415
1464,19892
1465,22096
1466,20149
1467,22251
1468,19616
1469,22142
1470,20814
1471,21272
1472,22277
1473,19731
1474,22588
1475,19814
1476,22392
1477,19988
1478,22135
1479,21917
1480,20019
1481,22447
1482,20159
1483,22299
1484,19993
1485,22290
1486,22077
1487,19760
1488,22221
1489,19765
1490,22165
1491,19886
1492,22301
1493,22473
1494,19872
1495,22310
1496,20196
1497,22278
1498,19771
1499,22217
1500,20971
1501,20806
1502,22021
1503,20151
1504,22306
1505,19944
1506,22158
1507,20462
1508,13912
1509,22366
1510,22414
1511,22157
1512,22411
1513,22304
1514,22322
1515,21813
1516,22186
1517,22657
1518,22779
1519,22229
1520,22029
1521,22480
1522,22532
1523,21791
1524,22136
1525,22631
1526,19302
1527,22177
1528,22272
1529,22227
1530,22012
1531,22800
1532,22558
1533,22098
1534,22024
1535,22229
1536,22474
1537,22426
1538,22259
1539,22419
1540,22031
1541,22257
1542,22156
1543,22548
1544,22476
1545,22252
1546,22206
1547,22343
1548,22685
1549,22490
1550,22196
1551,22350
1552,22450
1553,22261
1554,22114
1555,22314
1556,22714
1557,22362
1558,22144
1559,22205
1560,22589
1561,22325
1562,22088
1563,21223
1564,22346
1565,22047
1566,21933
1567,22082
1568,22153
1569,22251
1570,22173
1571,22367
1572,22701
1573,22183
1574,22287
1575,22272
1576,22425
1577,22011
1578,22495
1579,22046
1580,22502
1581,22064
1582,22329
1583,22131
1584,22327
1585,22689
1586,22332
1587,21956
1588,22235
1589,22238
1590,22618
1591,22404
1592,22446
1593,22298
1594,22688
1595,22498
1596,22241
1597,22139
1598,22589
1599,21972
1600,22454
1601,22062
1602,22552
1603,22293
1604,22403
1605,22256
1606,22588
1607,22618
1608,22255
1609,22374
1610,22404
1611,22381
1612,22434
1613,22323
1614,22222
1615,22359
1616,22059
1617,22056
1618,22076
1619,22331
1620,22067
1621,22422
1622,21964
1623,22608
1624,22236
1625,22345
1626,22178
1627,22306
1628,22377
1629,22388
1630,22519
1631,22044
1632,22149
1633,22256
1634,22294
1635,21346
1636,22156
1637,22507
1638,22144
1639,22042
1640,22364
1641,22205
1642,19308
1643,5918
1644,20351
1645,22588
1646,22457
1647,22392
1648,22596
1649,22921
1650,22340
1651,22308
1652,22358
1653,22729
1654,22546
1655,22131
1656,22345
1657,22597
1658,22300
1659,22382
1660,22716
1661,22621
1662,22248
1663,22711
1664,22307
1665,22485
1666,22598
1667,21960
1668,22344
1669,22173
1670,22203
1671,22426
1672,19981
1673,22387
1674,22293
1675,22002
1676,22185
1677,21861
1678,21971
1679,21830
1680,22431
1681,22160
1682,22369
1683,22592
1684,22469
1685,22481
1686,22142
1687,21967
1688,22088
1689,22684
1690,22281
1691,22546
1692,22394
1693,22268
1694,22658
1695,23107
1696,22408
1697,22470
1698,22465
1699,22536
1700,22760
1701,22105
1702,22328
1703,22935
1704,22452
1705,22084
1706,22882
1707,22250
1708,21766
1709,22157
1710,22236
1711,22335
1712,22189
1713,22580
1714,21820
1715,21851
1716,22283
1717,22137
1718,22584
1719,22294
1720,22180
1721,22322
1722,22729
1723,22697
1724,22774
1725,22131
1726,22233
1727,22416
1728,22216
1729,22282
1730,22469
1731,22546
1732,22014
1733,22323
1734,22095
1735,22399
1736,21815
1737,22053
1738,22495
1739,21811
1740,22283
1741,22136
1742,22574
1743,22365
1744,20982
1745,22523
1746,22417
1747,20089
1748,21984
1749,22383
1750,19727
1751,22557
1752,19720
1753,22316
1754,19936
1755,22212
1756,19579
1757,22330
1758,22344
1759,19799
1760,22093
1761,20232
1762,22327
1763,20095
1764,22612
1765,20612
1766,21348
1767,22011
1768,20129
1769,22094
1770,20138
1771,22092
1772,19884
1773,22151
1774,21065
1775,21090
1776,22642
1777,19913
1778,22381
1779,19743
1780,22679
1781,19710
1782,22333
1783,20769
1784,21216
1785,22168
1786,19819
1787,22279
1788,19791
1789,22148
1790,19303
1791,23220
1792,22259
1793,20128
1794,22001
1795,20073
1796,22091
1797,20141
1798,22487
1799,19801
1800,22307
1801,22101
1802,19731
1803,21877
1804,19899
1805,21954
1806,19743
1807,22008
1808,20114
1809,22066
1810,21276
1811,19108
1812,21377
1813,19425
1814,21986
1815,19488
1816,21914
1817,19005
1818,21825
1819,21715
1820,19371
1821,21841
1822,19338
1823,21855
1824,19706
1825,22389
1826,21811
1827,19525
1828,22754
1829,20193
1830,22153
1831,20124
1832,22258
1833,10340
1834,16247
1835,22256
1836,22330
1837,22148
1838,21976
1839,21902
1840,22076
1841,21813
1842,22105
1843,22524
1844,22466
1845,22302
1846,21766
1847,22206
1848,22097
1849,22238
1850,22093
1851,22132
1852,23122
1853,22055
1854,21948
1855,22499
1856,19905
1857,17676
1858,22244
1859,22157
1860,22119
1861,22190
1862,21996
1863,22399
1864,22481
1865,22129
1866,22288
1867,22386
1868,21954
1869,21950
1870,22441
1871,22481
1872,22321
1873,21895
1874,22521
1875,22199
1876,21796
1877,22335
1878,22556
1879,22314
1880,21983
1881,21938
1882,22518
1883,22417
1884,22320
1885,22276
1886,22508
1887,22028
1888,22126
1889,22434
1890,22292
1891,22310
1892,22183
1893,20999
1894,22242
1895,22474
1896,19923
1897,22625
1898,20950
1899,20734
1900,22158
1901,19738
1902,22166
1903,19573
1904,21895
1905,20161
1906,22443
1907,22303
1908,19704
1909,22044
1910,19696
1911,22513
1912,19678
1913,21971
1914,19768
1915,21999
1916,22040
1917,19830
1918,22266
1919,19985
1920,21961
1921,19690
1922,22392
1923,19840
1924,21664
1925,21832
1926,19674
1927,22008
1928,19878
1929,21899
1930,19467
1931,22151
1932,20076
1933,21315
1934,22026
1935,19234
1936,22163
1937,20160
1938,22514
1939,19694
1940,22454
1941,21760
1942,20204
1943,22125
1944,19588
1945,22538
1946,19741
1947,22182
1948,19712
1949,22184
1950,21865
1951,19726
1952,22213
1953,19480
1954,21948
1955,19600
1956,22447
1957,19810
1958,22100
1959,21905
1960,19907
1961,22161
1962,20108
1963,22215
1964,20122
1965,21814
1966,19661
1967,21806
1968,21936
1969,19734
1970,22317
1971,20139
1972,22299
1973,20194
1974,22111
1975,20055
1976,21893
1977,22072
1978,19743
1979,22180
1980,19433
1981,22219
1982,19562
1983,22063
1984,19553
1985,22256
1986,21876
1987,11695
1988,22180
1989,21711
1990,22664
1991,22192
1992,22252
1993,22405
1994,22108
1995,21872
1996,22640
1997,22254
1998,22421
1999,21701
2000,22057
2001,22087
2002,22785
2003,22418
2004,22531
2005,19110
2006,22439
2007,22325
2008,22032
2009,21813
2010,22156
2011,21791
2012,22377
2013,21919
2014,22210
2015,21813
2016,22087
2017,22324
2018,22462
2019,22247
2020,22457
2021,22395
2022,22274
2023,22039
2024,22101
2025,22228
2026,22209
2027,22352
2028,22065
2029,22419
2030,22361
2031,21893
2032,22225
2033,22430
2034,22351
2035,22153
2036,22113
2037,22194
2038,22664
2039,22222
2040,22435
2041,21874
2042,21932
2043,22204
2044,22255
2045,22114
2046,22321
2047,22162
2048,22185
2049,21894
2050,21789
2051,22126
2052,22238
2053,22050
2054,22152
2055,22146
2056,22049
2057,22167
2058,21810
2059,22566
2060,22019
2061,22247
2062,22163
2063,22607
2064,22505
2065,21849
2066,22157
2067,22079
2068,22055
2069,21825
2070,22006
2071,22602
2072,22793
2073,22162
2074,22333
2075,22268
2076,22149
2077,21527
2078,22273
2079,22498
2080,22204
2081,21863
2082,21887
2083,22333
2084,22421
2085,21916
2086,22131
2087,22090
2088,22465
2089,22344
2090,21994
2091,22390
2092,22965
2093,21909
2094,22136
2095,22346
2096,22585
2097,21762
2098,22164
2099,22073
2100,22538
2101,22434
2102,22198
2103,22481
2104,22434
2105,22397
2106,21850
2107,22302
2108,22190
2109,22258
2110,22359
2111,22212
2112,21922
2113,21285
2114,22405
2115,22356
2116,22062
2117,22417
2118,22187
2119,22081
2120,22362
2121,22114
2122,22304
2123,22599
2124,22181
2125,22259
2126,22067
2127,22181
2128,21756
2129,21733
2130,22192
2131,21877
2132,22059
2133,21754
2134,22214
2135,21551
2136,21854
2137,22047
2138,22248
2139,21977
2140,22088
2141,22183
2142,22741
2143,22163
2144,22347
2145,22067
2146,22247
2147,21911
2148,22427
2149,19905
2150,22501
2151,22500
2152,22598
2153,22488
2154,22536
2155,21995
2156,22233
2157,22271
2158,22320
2159,22206
2160,22479
2161,22436
2162,22102
2163,22204
2164,22267
2165,22829
2166,22398
2167,21992
2168,22463
2169,22022
2170,22045
2171,22098
2172,22244
2173,22365
2174,21779
2175,21877
2176,22293
2177,22077
2178,21968
2179,22333
2180,22180
2181,22099
2182,22201
2183,22415
2184,21827
2185,21813
2186,22442
2187,22441
2188,19900
2189,22012
2190,19449
2191,21979
2192,20104
2193,22166
2194,22299
2195,19752
2196,22255
2197,19584
2198,22249
2199,20109
2200,22152
2201,19897
2202,21949
2203,22450
2204,19653
2205,22025
2206,20125
2207,22191
2208,19738
2209,22568
2210,20362
2211,21705
2212,22047
2213,19880
2214,22118
2215,19792
2216,22166
2217,19928
2218,22531
2219,20069
2220,22248
2221,22494
2222,19653
2223,22298
2224,20002
2225,22329
2226,19742
2227,22117
2228,20052
2229,22313
2230,22444
2231,19707
2232,22256
2233,19778
2234,22296
2235,19414
2236,22435
2237,20609
2238,21453
2239,21891
2240,19932
2241,22127
2242,19727
2243,22079
2244,19978
2245,22449
2246,20728
2247,20908
2248,22195
2249,19958
2250,21949
2251,19568
2252,22379
2253,19638
2254,22229
2255,21326
2256,20957
2257,22504
2258,19824
2259,22304
2260,19675
2261,21996
2262,19651
2263,22642
2264,22112
2265,19831
2266,22537
2267,19879
2268,22437
2269,20088
2270,22240
2271,19718
2272,22391
2273,20819
2274,20845
2275,22594
2276,19596
2277,21909
2278,11808
2279,22619
2280,22278
2281,22008
2282,22636
2283,22410
2284,22316
2285,22182
2286,22208
2287,22377
2288,22007
2289,22190
2290,22305
2291,21903
2292,22261
2293,22370
2294,22104
2295,22053
2296,19894
2297,21122
2298,22277
2299,22175
2300,22156
2301,22296
2302,22395
2303,22051
2304,22093
2305,22342
2306,22159
2307,22031
2308,22067
2309,22291
2310,22209
2311,22286
2312,22315
2313,22098
2314,22323
2315,22463
2316,22358
2317,22186
2318,21965
2319,22168
2320,22271
2321,22148
2322,22411
2323,22111
2324,22119
2325,22376
2326,22162
2327,22223
2328,22403
2329,21911
2330,22390
2331,22465
2332,22106
2333,20909
2334,22218
2335,22694
2336,19782
2337,21885
2338,19578
2339,22249
2340,21128
2341,21020
2342,21857
2343,19871
2344,22237
2345,20173
2346,22211
2347,20177
2348,22088
2349,21291
2350,20774
2351,22360
2352,19663
2353,22145
2354,19783
2355,22187
2356,19928
2357,22095
2358,20857
2359,21075
2360,22146
2361,19535
2362,22554
2363,19770
2364,22163
2365,19959
2366,22567
2367,22081
2368,19767
2369,22306
2370,19908
2371,22375
2372,19781
2373,22150
2374,19853
2375,22564
2376,19848
2377,22232
2378,22189
2379,19759
2380,21934
2381,19936
2382,22384
2383,19531
2384,22087
2385,22229
2386,19684
2387,22300
2388,19881
2389,21861
2390,19695
2391,22189
2392,20291
2393,22168
2394,22273
2395,19396
2396,22461
2397,19746
2398,22058
2399,19522
2400,22451
2401,19860
2402,22023
2403,22354
2404,19747
2405,21830
2406,19944
2407,22765
2408,19841
2409,22159
2410,19730
2411,22221
2412,21893
2413,19707
2414,22192
2415,19791
2416,21966
2417,19855
2418,22253
2419,19733
2420,21971
2421,22231
2422,19980
2423,22148
2424,19835
2425,22127
2426,13417
2427,20297
2428,21883
2429,22623
2430,22255
2431,22477
2432,22316
2433,22151
2434,22266
2435,22155
2436,22176
2437,22047
2438,22239
2439,22011
2440,22115
2441,22288
2442,22399
2443,22282
2444,22339
2445,18932
2446,22295
2447,21873
2448,21984
2449,22233
2450,22048
2451,22624
2452,22125
2453,22289
2454,22444
2455,21962
2456,22204
2457,22502
2458,22026
2459,22276
2460,22506
2461,22094
2462,22162
2463,22483
2464,22119
2465,22078
2466,22099
2467,22284
2468,22202
2469,22193
2470,22279
2471,22248
2472,22251
2473,22182
2474,22013
2475,22146
2476,22486
2477,21837
2478,22054
2479,21964
2480,22397
2481,21310
2482,22153
2483,22161
2484,22109
2485,21968
2486,22360
2487,21826
2488,22113
2489,21821
2490,21972
2491,22673
2492,22265
2493,22065
2494,22217
2495,22233
2496,22143
2497,22249
2498,22342
2499,22135
2500,22109
2501,21914
2502,22148
2503,22264
2504,22108
2505,22367
2506,22188
2507,22325
2508,21894
2509,22080
2510,22230
2511,21742
2512,22500
2513,21765
2514,22231
2515,22371
2516,22371
2517,21097
2518,22281
2519,22099
2520,22266
2521,22128
2522,22263
2523,22329
2524,22461
2525,22362
2526,22251
2527,22049
2528,21984
2529,22475
2530,22234
2531,22273
2532,22529
2533,22330
2534,22763
2535,22208
2536,21970
2537,22435
2538,22525
2539,22565
2540,21999
2541,22163
2542,22185
2543,22347
2544,22298
2545,22255
2546,21942
2547,22429
2548,22020
2549,22258
2550,22146
2551,22240
2552,22374
2553,20754
2554,22183
2555,21997
2556,20275
2557,22000
2558,19367
2559,22092
2560,22013
2561,19721
2562,22096
2563,20075
2564,21933
2565,19842
2566,22229
2567,19690
2568,22118
2569,21876
2570,19908
2571,22159
2572,20042
2573,22424
2574,20268
2575,22365
2576,19908
2577,22170
2578,21899
2579,19902
2580,22053
2581,19796
2582,21960
2583,19791
2584,22097
2585,20184
2586,22188
2587,22347
2588,19776
2589,22265
2590,19664
2591,22433
2592,20039
2593,22390
2594,19571
2595,22318
2596,22010
2597,20230
2598,22079
2599,20498
2600,22544
2601,19642
2602,22450
2603,19949
2604,7421
2605,0
2606,7989
2607,22127
2608,22183
2609,22390
2610,21917
2611,22265
2612,22169
2613,22415
2614,22118
2615,22457
2616,22484
2617,21918
2618,21771
2619,22422
2620,22512
2621,22461
2622,22412
2623,22369
2624,22083
2625,22485
2626,22315
2627,22135
2628,21903
2629,21958
2630,22050
2631,22231
2632,22317
2633,22186
2634,22217
2635,21910
2636,22329
2637,22236
2638,22022
2639,22245
2640,22273
2641,22214
2642,22116
2643,22321
2644,21861
2645,22222
2646,22381
2647,21777
2648,22018
2649,22178
2650,22385
2651,22702
2652,21914
2653,22193
2654,22177
2655,21999
2656,22173
2657,22542
2658,22374
2659,21995
2660,22106
2661,22543
2662,22009
2663,21994
2664,21240
2665,20676
2666,22044
2667,17550
2668,143
2669,9513
2670,22421
2671,22596
2672,22215
2673,22561
2674,22660
2675,22211
2676,22652
2677,22453
2678,22400
2679,22586
2680,22050
2681,22416
2682,22642
2683,22724
2684,22517
2685,22564
2686,22639
2687,22496
2688,22413
2689,22624
2690,22596
2691,22581
2692,22550
2693,22680
2694,22512
2695,22443
2696,22906
2697,22164
2698,22713
2699,22493
2700,22569
2701,22362
2702,21011
2703,22742
2704,22291
2705,19797
2706,22344
2707,21521
2708,20547
2709,22504
2710,20005
2711,22301
2712,20098
2713,22142
2714,20240
2715,22408
2716,22516
2717,19511
2718,22374
2719,20016
2720,22140
2721,19611
2722,22089
2723,19502
2724,22267
2725,21989
2726,19797
2727,22156
2728,19409
2729,21955
2730,19922
2731,22006
2732,19520
2733,22095
2734,22394
2735,19756
2736,22251
2737,19774
2738,22147
2739,19970
2740,22274
2741,20809
2742,21021
2743,22157
2744,19937
2745,22128
2746,19987
2747,22157
2748,19892
2749,22032
2750,20865
2751,21066
2752,22272
2753,19645
2754,21742
2755,19661
2756,22358
2757,19674
2758,22456
2759,19984
2760,22112
2761,22103
2762,20060
2763,22294
2764,20249
2765,22468
2766,20018
2767,22632
2768,21680
2769,20354
2770,22095
2771,20161
2772,22114
2773,19549
2774,22139
2775,19817
2776,22176
2777,22167
2778,19426
2779,22159
2780,19682
2781,21987
2782,19503
2783,22393
2784,19850
2785,22320
2786,22117
2787,19968
2788,22567
2789,19743
2790,22185
2791,19738
2792,22352
2793,19691
2794,22181
2795,21984
2796,11483
2797,22428
2798,22531
2799,22426
2800,22332
2801,22284
2802,22191
2803,22586
2804,22290
2805,22322
2806,22249
2807,21945
2808,22271
2809,22245
2810,22482
2811,21874
2812,22272
2813,22108
2814,18322
2815,21843
2816,22574
2817,22320
2818,19938
2819,22053
2820,19792
2821,22397
2822,20046
2823,22274
2824,19795
2825,22151
2826,22193
2827,19560
2828,22308
2829,19887
2830,21915
2831,19766
2832,22557
2833,19693
2834,22043
2835,21987
2836,19792
2837,22257
2838,19884
2839,22277
2840,19945
2841,22175
2842,19771
2843,22444
2844,22186
2845,19727
2846,22409
2847,19930
2848,22330
2849,19645
2850,22243
2851,19913
2852,22289
2853,21919
2854,20012
2855,22158
2856,19727
2857,22019
2858,19742
2859,22198
2860,19694
2861,22319
2862,21984
2863,19727
2864,21913
2865,19739
2866,22107
2867,19679
2868,21929
2869,19936
2870,22163
2871,22184
2872,19974
2873,22092
2874,19677
2875,22683
2876,19494
2877,22437
2878,19768
2879,22652
2880,21925
2881,19515
2882,21999
2883,19626
2884,21853
2885,19957
2886,22245
2887,19682
2888,22336
2889,22120
2890,19912
2891,22312
2892,19903
2893,21891
2894,19885
2895,22074
2896,20165
2897,21591
2898,22412
2899,19891
2900,22215
2901,19853
2902,22389
2903,19624
2904,22246
2905,19671
2906,22538
2907,21969
2908,10994
2909,22577
2910,22094
2911,22505
2912,22303
2913,22109
2914,22234
2915,22266
2916,22375
2917,21987
2918,22317
2919,22699
2920,22090
2921,21752
2922,22347
2923,21755
2924,21975
2925,22105
2926,19286
2927,21945
2928,22188
2929,22420
2930,22163
2931,21925
2932,22483
2933,22642
2934,21858
2935,22020
2936,22390
2937,22311
2938,22585
2939,22057
2940,22341
2941,22205
2942,22208
2943,22516
2944,21862
2945,22059
2946,22152
2947,21814
2948,22132
2949,21858
2950,22109
2951,22325
2952,22497
2953,22211
2954,22456
2955,22195
2956,21997
2957,22216
2958,22112
2959,22452
2960,22499
2961,22735
2962,21532
2963,22305
2964,22116
2965,21919
2966,22316
2967,22463
2968,22185
2969,22309
2970,22265
2971,22229
2972,22169
2973,21960
2974,22565
2975,22342
2976,22291
2977,21928
2978,22617
2979,22310
2980,22056
2981,22394
2982,22269
2983,22030
2984,21791
2985,22246
2986,22524
2987,22033
2988,22712
2989,22762
2990,22314
2991,22100
2992,21929
2993,22097
2994,21949
2995,22124
2996,22051
2997,22446
2998,21855
2999,22036
3000,22057
3001,22147
3002,21633
3003,22125
3004,22448
3005,22699
3006,22407
3007,22302
3008,22381
3009,22084
3010,22335
3011,22175
3012,22276
3013,22149
3014,21900
3015,22570
3016,22259
3017,22194
3018,22449
3019,22445
3020,22363
3021,22445
3022,21954
3023,22402
3024,22274
3025,22022
3026,22141
3027,22115
3028,21885
3029,22057
3030,22587
3031,21857
3032,21978
3033,20994
3034,22271
3035,21908
3036,22013
3037,19843
3038,22364
3039,19946
3040,22200
3041,20077
3042,22001
3043,22371
3044,19960
3045,21806
3046,19910
3047,22432
3048,19879
3049,22027
3050,19895
3051,22329
3052,22198
3053,19847
3054,22353
3055,19891
3056,21764
3057,19646
3058,22523
3059,19522
3060,22217
3061,22440
3062,19784
3063,22149
3064,19627
3065,22164
3066,19970
3067,21852
3068,19425
3069,22237
3070,22252
3071,19326
3072,21935
3073,20020
3074,22331
3075,19881
3076,21897
3077,19500
3078,22149
3079,22336
3080,20002
3081,21996
3082,19455
3083,21975
3084,19814
3085,894
3086,0
3087,14142
3088,22474
3089,22128
3090,22002
3091,21813
3092,22514
3093,22389
3094,22001
3095,22056
3096,22291
3097,22431
3098,21816
3099,22143
3100,22423
3101,21839
3102,21947
3103,22197
3104,21241
3105,21846
3106,22709
3107,22454
3108,22106
3109,22008
3110,22238
3111,21997
3112,22072
3113,22018
3114,22258
3115,21895
3116,22054
3117,22405
3118,22189
3119,22342
3120,22629
3121,22572
3122,21882
3123,21896
3124,22104
3125,21976
3126,21859
3127,22580
3128,22146
3129,22141
3130,21896
3131,22045
3132,21983
3133,22101
3134,22123
3135,22418
3136,22474
3137,22836
3138,22077
3139,22058
3140,22398
3141,22352
3142,22092
3143,22147
3144,22110
3145,19253
3146,22286
3147,22445
3148,22228
3149,22353
3150,21916
3151,22560
3152,22377
3153,21942
3154,22331
3155,21840
3156,22280
3157,22315
3158,22368
3159,22640
3160,22015
3161,22007
3162,22297
3163,22201
3164,22345
3165,22380
3166,22589
3167,22214
3168,22182
3169,22337
3170,22465
3171,22116
3172,22466
3173,22272
3174,22332
3175,22325
3176,22323
3177,21865
3178,21807
3179,22192
3180,22181
3181,21161
3182,22091
3183,22258
3184,20003
3185,22285
3186,21975
3187,19571
3188,22032
3189,19794
3190,22140
3191,19939
3192,22376
3193,19898
3194,22474
3195,21871
3196,19971
3197,22241
3198,19411
3199,22235
3200,19934
3201,22332
3202,20332
3203,22330
3204,20934
3205,20723
3206,22071
3207,19561
3208,22158
3209,19426
3210,22475
3211,19749
3212,22087
3213,19875
3214,22211
3215,21742
3216,19931
3217,22484
3218,19679
3219,22311
3220,19674
3221,22223
3222,19755
3223,22003
3224,22394
3225,19858
3226,22411
3227,19404
3228,22553
3229,19502
3230,22466
3231,19928
3232,22056
3233,22322
3234,19441
3235,22434
3236,19935
3237,21886
3238,19619
3239,22216
3240,19469
3241,22020
3242,22036
3243,19837
3244,21853
3245,19831
3246,21803
3247,19774
3248,21948
3249,20404
3250,22342
3251,21489
3252,20369
3253,22155
3254,19916
3255,22040
3256,19573
3257,22404
3258,19671
3259,22177
3260,21036
3261,21309
3262,21993
3263,20586
3264,22240
3265,19286
3266,22550
3267,19901
3268,22449
3269,19761
3270,22288
3271,22158
3272,19629
3273,22081
3274,11735
3275,21520
3276,22307
3277,22280
3278,22013
3279,22046
3280,22195
3281,22055
3282,22069
3283,22221
3284,22012
3285,21733
3286,21602
3287,22457
3288,22391
3289,22266
3290,22080
3291,22089
3292,18079
3293,22643
3294,21948
3295,22661
3296,19898
3297,22204
3298,19350
3299,22070
3300,19613
3301,22325
3302,20673
3303,21385
3304,21803
3305,19778
3306,21867
3307,19637
3308,22303
3309,19639
3310,22265
3311,19693
3312,22220
3313,22189
3314,19613
3315,22010
3316,20120
3317,21939
3318,19936
3319,22093
3320,19676
3321,22078
3322,22043
3323,19837
3324,21936
3325,19781
3326,22057
3327,19931
3328,22491
3329,19601
3330,22320
3331,22195
3332,19758
3333,22190
3334,20149
3335,22098
3336,19784
3337,22355
3338,19724
3339,22206
3340,22342
3341,19989
3342,22183
3343,19442
3344,22143
3345,19732
3346,22333
3347,19744
3348,22289
3349,22018
3350,19791
3351,22367
3352,19698
3353,22288
3354,19543
3355,22341
3356,20380
3357,22234
3358,20054
3359,22469
3360,21952
3361,19783
3362,22597
3363,19590
3364,21710
3365,19494
3366,22468
3367,19352
3368,21936
3369,21989
3370,19925
3371,22308
3372,19649
3373,22477
3374,19882
3375,21915
3376,20239
3377,22052
3378,22100
3379,19169
3380,22143
3381,19384
3382,22290
3383,19597
3384,22039
3385,15535
3386,17616
3387,22386
3388,22409
3389,22105
3390,22449
3391,22332
3392,22263
3393,22031
3394,22175
3395,22198
3396,22143
3397,21918
3398,22017
3399,22208
3400,22220
3401,22016
3402,22123
3403,22130
3404,18535
3405,21965
3406,22095
3407,21986
3408,21920
3409,22063
3410,22885
3411,22247
3412,22223
3413,22476
3414,22549
3415,22114
3416,22176
3417,22720
3418,21923
3419,22056
3420,21879
3421,22268
3422,22024
3423,22064
3424,22151
3425,22224
3426,22149
3427,22297
3428,22272
3429,22321
3430,22446
3431,22387
3432,22535
3433,22108
3434,22221
3435,22560
3436,22317
3437,22104
3438,22136
3439,21379
3440,22049
3441,22298
3442,22072
3443,22366
3444,21962
3445,22062
3446,22102
3447,22476
3448,22661
3449,22156
3450,22113
3451,22323
3452,21937
3453,22733
3454,22331
3455,22253
3456,22246
3457,22017
3458,22457
3459,22545
3460,22396
3461,21981
3462,22177
3463,22012
3464,22153
3465,22054
3466,22540
3467,22250
3468,22105
3469,22842
3470,22206
3471,22111
3472,22355
3473,22429
3474,22321
3475,20960
3476,22386
3477,22351
3478,19786
3479,22085
3480,22101
3481,19948
3482,22055
3483,19997
3484,21995
3485,19995
3486,21995
3487,19890
3488,22034
3489,20204
3490,22138
3491,22270
3492,19656
3493,22428
3494,20227
3495,22244
3496,19710
3497,22290
3498,19775
3499,21977
3500,21997
3501,20146
3502,22609
3503,19758
3504,21982
3505,19588
3506,21950
3507,19738
3508,22358
3509,21642
3510,19868
3511,22112
3512,19334
3513,22236
3514,19933
3515,22127
3516,19884
3517,22330
3518,22114
3519,19822
3520,22024
3521,19552
3522,22208
3523,20019
3524,22388
3525,19275
3526,22214
3527,22429
3528,19928
3529,22127
3530,20030
3531,22057
3532,20050
3533,22218
3534,19804
3535,22102
3536,20123
3537,21629
3538,22386
3539,19448
3540,22278
3541,19737
3542,22007
3543,19692
3544,22501
3545,21088
3546,20832
3547,22047
3548,20133
3549,21932
3550,19790
3551,22099
3552,19815
3553,22124
3554,19896
3555,22230
3556,22176
3557,19749
3558,22384
3559,19994
3560,22169
3561,19627
3562,22079
3563,9751
3564,16782
3565,22493
3566,22137
3567,21900
3568,22103
3569,22234
3570,22324
3571,21963
3572,21918
3573,22320
3574,22148
3575,22347
3576,22112
3577,22327
3578,22312
3579,22140
3580,21905
3581,22392
3582,22320
3583,21857
3584,22197
3585,22090
3586,19926
3587,22248
3588,22345
3589,22346
3590,22396
3591,22072
3592,22177
3593,21948
3594,22775
3595,22027
3596,22344
3597,22539
3598,22092
3599,21988
3600,22323
3601,22069
3602,22184
3603,22066
3604,22409
3605,22028
3606,22288
3607,22496
3608,22149
3609,22172
3610,21894
3611,22375
3612,22060
3613,22181
3614,22343
3615,22210
3616,22019
3617,21904
3618,22286
3619,22304
3620,21699
3621,22325
3622,20858
3623,22457
3624,21914
3625,21850
3626,20074
3627,22197
3628,19315
3629,22290
3630,19747
3631,22013
3632,19855
3633,22253
3634,22106
3635,20053
3636,22203
3637,19674
3638,22072
3639,19877
3640,22108
3641,20110
3642,22407
3643,20880
3644,21181
3645,22100
3646,20021
3647,22412
3648,19620
3649,22636
3650,19584
3651,21997
3652,21854
3653,20147
3654,21995
3655,19749
3656,22606
3657,19690
3658,22193
3659,19693
3660,22292
3661,20779
3662,21255
3663,21824
3664,20015
3665,22178
3666,19645
3667,22438
3668,19938
3669,22311
3670,20878
3671,21481
3672,22247
3673,19925
3674,22118
3675,19602
3676,22159
3677,20141
3678,22120
3679,19549
3680,22016
3681,22156
3682,19677
3683,21899
3684,19729
3685,22233
3686,19643
3687,21907
3688,19718
3689,22476
3690,21838
3691,19808
3692,22268
3693,19308
3694,22081
3695,19843
3696,22162
3697,19452
3698,22118
3699,22425
3700,20224
3701,22369
3702,20213
3703,21855
3704,19332
3705,21888
3706,19785
3707,22011
3708,22596
3709,19754
3710,22279
3711,19604
3712,22153
3713,19737
3714,22013
3715,15799
3716,17898
3717,22211
3718,22130
3719,22125
3720,21979
3721,21931
3722,22484
3723,22183
3724,21855
3725,22172
3726,22447
3727,22131
3728,22535
3729,22552
3730,22240
3731,21997
3732,22034
3733,22204
3734,18289
3735,22249
3736,22196
3737,19680
3738,22274
3739,20825
3740,20791
3741,22400
3742,19140
3743,22243
3744,19804
3745,21921
3746,19816
3747,22373
3748,19366
3749,22238
3750,22360
3751,19634
3752,22715
3753,19933
3754,21710
3755,19816
3756,22422
3757,20038
3758,21964
3759,22147
3760,19671
3761,22290
3762,20233
3763,22336
3764,19980
3765,21944
3766,20157
3767,22485
3768,22386
3769,19240
3770,21905
3771,19665
3772,22294
3773,19353
3774,21714
3775,19727
3776,22176
3777,20910
3778,20927
3779,22387
3780,19311
3781,21965
3782,19407
3783,22200
3784,19709
3785,22250
3786,21316
3787,20290
3788,22398
3789,19863
3790,22218
3791,19471
3792,21977
3793,20047
3794,22464
3795,19701
3796,21725
3797,22278
3798,19687
3799,22245
3800,19906
3801,22000
3802,19772
3803,21870
3804,21175
3805,20888
3806,21831
3807,19739
3808,22076
3809,20143
3810,21884
3811,19768
3812,22421
3813,19483
3814,22039
3815,22337
3816,19533
3817,22044
3818,19911
3819,22085
3820,19776
3821,22125
3822,20036
3823,22069
3824,22215
3825,19806
3826,22272
3827,10881
3828,22104
3829,22020
3830,22138
3831,21988
3832,23046
3833,22277
3834,22016
3835,21835
3836,22003
3837,22408
3838,21945
3839,22035
3840,22251
3841,22121
3842,21832
3843,22170
3844,22452
3845,19000
3846,21905
3847,22278
3848,22095
3849,21916
3850,22316
3851,22342
3852,21893
3853,22224
3854,22487
3855,22126
3856,22261
3857,22298
3858,22452
3859,22197
3860,22522
3861,22194
3862,22463
3863,22083
3864,22532
3865,22857
3866,22079
3867,22023
3868,21884
3869,22187
3870,22237
3871,22266
3872,21956
3873,22348
3874,22409
3875,22650
3876,22093
3877,22586
3878,22104
3879,22507
3880,22386
3881,21133
3882,21751
3883,22242
3884,20095
3885,22212
3886,22148
3887,19528
3888,22511
3889,20051
3890,22506
3891,20359
3892,22181
3893,19714
3894,21905
3895,22506
3896,20044
3897,22058
3898,20086
3899,22546
3900,19930
3901,22376
3902,19729
3903,21999
3904,19948
3905,22148
3906,22516
3907,19682
3908,22228
3909,20086
3910,22389
3911,19743
3912,22090
3913,19955
3914,21900
3915,21919
3916,19511
3917,22325
3918,20012
3919,21983
3920,19824
3921,22126
3922,19633
3923,21998
3924,22198
3925,19669
3926,21972
3927,19936
3928,22332
3929,19311
3930,21905
3931,19692
3932,21516
3933,21886
3934,20106
3935,22437
3936,20068
3937,21989
3938,20316
3939,22049
3940,19907
3941,22248
3942,22035
3943,19959
3944,22290
3945,20037
3946,22470
3947,20044
3948,22026
3949,19819
3950,22168
3951,20337
3952,21950
3953,22182
3954,19585
3955,21939
3956,19777
3957,22298
3958,19847
3959,22210
3960,19193
3961,22121
3962,21959
3963,19860
3964,22542
3965,19957
3966,22265
3967,19687
3968,22156
3969,19955
3970,22331
3971,22053
3972,19661
3973,22242
3974,11263
3975,21969
3976,22343
3977,22401
3978,22127
3979,22394
3980,22372
3981,22415
3982,21965
3983,22093
3984,22043
3985,22556
3986,22434
3987,21876
3988,22338
3989,22032
3990,22212
3991,22038
3992,18967
3993,22041
3994,21967
3995,22355
3996,22347
3997,22025
3998,22030
3999,22299
4000,22246
4001,22110
4002,22055
4003,21966
4004,22235
4005,21878
4006,22246
4007,21969
4008,21962
4009,22458
4010,21945
4011,22174
4012,22091
4013,22204
4014,22622
4015,22550
4016,21810
4017,22428
4018,22353
4019,21915
4020,22417
4021,22500
4022,22252
4023,21978
4024,22044
4025,22437
4026,21928
4027,22208
4028,21205
4029,22209
4030,22427
4031,20571
4032,21798
4033,22229
4034,19418
4035,22348
4036,19609
4037,22178
4038,19478
4039,22128
4040,20026
4041,21712
4042,22306
4043,19876
4044,22215
4045,19693
4046,22398
4047,19864
4048,22455
4049,19666
4050,22405
4051,22624
4052,19772
4053,22392
4054,19901
4055,22217
4056,19727
4057,22198
4058,19440
4059,22088
4060,21719
4061,20274
4062,21992
4063,20090
4064,22141
4065,19471
4066,22021
4067,19745
4068,22522
4069,22252
4070,20266
4071,22095
4072,19724
4073,21841
4074,19713
4075,22184
4076,19818
4077,22189
4078,21652
4079,20186
4080,22110
4081,19575
4082,22547
4083,20144
4084,22687
4085,19612
4086,22301
4087,22142
4088,19649
4089,22504
4090,19288
4091,21981
4092,19326
4093,22491
4094,19741
4095,21993
4096,21216
4097,20908
4098,22107
4099,19789
4100,22273
4101,19871
4102,21886
4103,19533
4104,22373
4105,21750
4106,20056
4107,22379
4108,20189
4109,21996
4110,19667
4111,22331
4112,19424
4113,21970
4114,20928
4115,21403
4116,22293
4117,19495
4118,22232
4119,19820
4120,22112
4121,16954
4122,16377
4123,22438
4124,22047
4125,22530
4126,22153
4127,22490
4128,22002
4129,22308
4130,21889
4131,22273
4132,22333
4133,22057
4134,22093
4135,22966
4136,22447
4137,22284
4138,22263
4139,22373
4140,18193
4141,22435
4142,22252
4143,19589
4144,22527
4145,21161
4146,20291
4147,22121
4148,19661
4149,22473
4150,19836
4151,22096
4152,19702
4153,21965
4154,20216
4155,21415
4156,22462
4157,19565
4158,22039
4159,19610
4160,22619
4161,19537
4162,21917
4163,20508
4164,22053
4165,22138
4166,19542
4167,22107
4168,20031
4169,21863
4170,19824
4171,22133
4172,19563
4173,22248
4174,22123
4175,19810
4176,21772
4177,19489
4178,22493
4179,19559
4180,21831
4181,20162
4182,21891
4183,21781
4184,19731
4185,22357
4186,19865
4187,21995
4188,19754
4189,22258
4190,19356
4191,22265
4192,22569
4193,19939
4194,22286
4195,19448
4196,22442
4197,20177
4198,22275
4199,19573
4200,22409
4201,22174
4202,19910
4203,21512
4204,19880
4205,22238
4206,19672
4207,22674
4208,19912
4209,22484
4210,22027
4211,19916
4212,22188
4213,19805
4214,22248
4215,20027
4216,22436
4217,19884
4218,22633
4219,21638
4220,19397
4221,22033
4222,19836
4223,21907
4224,19901
4225,22166
4226,19909
4227,21981
4228,21108
4229,21628
4230,21881
4231,19744
4232,21954
4233,11140
4234,21986
4235,22074
4236,22071
4237,22609
4238,22170
4239,22269
4240,22180
4241,22200
4242,22176
4243,22484
4244,22000
4245,21815
4246,21986
4247,22223
4248,22394
4249,21975
4250,22374
4251,19839
4252,21244
4253,21864
4254,22021
4255,22182
4256,22302
4257,22169
4258,22324
4259,22372
4260,22522
4261,22129
4262,22288
4263,22037
4264,22249
4265,22038
4266,22282
4267,22284
4268,22056
4269,22336
4270,22644
4271,21949
4272,22189
4273,22646
4274,22202
4275,22299
4276,22473
4277,22233
4278,22291
4279,21876
4280,22603
4281,22456
4282,22123
4283,22493
4284,22219
4285,22452
4286,21989
4287,21140
4288,22289
4289,22280
4290,22385
4291,19546
4292,22280
4293,19368
4294,21804
4295,19668
4296,22288
4297,19971
4298,21792
4299,22238
4300,19571
4301,22756
4302,20167
4303,21955
4304,19823
4305,22038
4306,19650
4307,22037
4308,22300
4309,20134
4310,22111
4311,19463
4312,22064
4313,19806
4314,22321
4315,19765
4316,22292
4317,22245
4318,19583
4319,22321
4320,20027
4321,22771
4322,19943
4323,22403
4324,19773
4325,22030
4326,19594
4327,22067
4328,22413
4329,19541
4330,22037
4331,19664
4332,22234
4333,19548
4334,22300
4335,21111
4336,21149
4337,21883
4338,19798
4339,22181
4340,19728
4341,22428
4342,19808
4343,22272
4344,20051
4345,22394
4346,22333
4347,19910
4348,21939
4349,19884
4350,22766
4351,19631
4352,21993
4353,20242
4354,22064
4355,22005
4356,19668
4357,22444
4358,20158
4359,22213
4360,20137
4361,22199
4362,19538
4363,22254
4364,22027
4365,20318
4366,22478
4367,19550
4368,22360
4369,19561
4370,22380
4371,19871
4372,22208
4373,19989
4374,22116
4375,22293
4376,19785
4377,22792
4378,20034
4379,22162
4380,14325
4381,19498
4382,21952
4383,22261
4384,22247
4385,22370
4386,22686
4387,22439
4388,22269
4389,21790
4390,22164
4391,22610
4392,22372
4393,22588
4394,22372
4395,22587
4396,22270
4397,21844
4398,21816
4399,19691
4400,21932
4401,22397
4402,22580
4403,22666
4404,22288
4405,22303
4406,22105
4407,22024
4408,21877
4409,21951
4410,22514
4411,22078
4412,22091
4413,22557
4414,22535
4415,22057
4416,22359
4417,22276
4418,22481
4419,22353
4420,21988
4421,22520
4422,21946
4423,22427
4424,22681
4425,22465
4426,22324
4427,22450
4428,22528
4429,22150
4430,22888
4431,23012
4432,22526
4433,21998
4434,20870
4435,23326
4436,22243
4437,22426
4438,19398
4439,22465
4440,19210
4441,22367
4442,19988
4443,22621
4444,19704
4445,22448
4446,22315
4447,19885
4448,22169
4449,19716
4450,22179
4451,19811
4452,22793
4453,19677
4454,22538
4455,22108
4456,19793
4457,22228
4458,19380
4459,21904
4460,19748
4461,22206
4462,19528
4463,21703
4464,21535
4465,20178
4466,21890
4467,19823
4468,21886
4469,20042
4470,22092
4471,19903
4472,22500
4473,22278
4474,19516
4475,22310
4476,19807
4477,21895
4478,19852
4479,22202
4480,19644
4481,22289
4482,20229
4483,21669
4484,22432
4485,19196
4486,21926
4487,19924
4488,21971
4489,19282
4490,22648
4491,19863
4492,22040
4493,22212
4494,19792
4495,22465
4496,20006
4497,22126
4498,19792
4499,22417
4500,19846
4501,22456
4502,22756
4503,20318
4504,22227
4505,19760
4506,22285
4507,19903
4508,22281
4509,19450
4510,22097
4511,20516
4512,21582
4513,22207
4514,19548
4515,22300
4516,19715
4517,22131
4518,19467
4519,22260
4520,19414
4521,22255
4522,22346
4523,19855
4524,22218
4525,20040
4526,22405
4527,13372
4528,20043
4529,22132
4530,22548
4531,21999
4532,22300
4533,22132
4534,22600
4535,22444
4536,22591
4537,22327
4538,22260
4539,22008
4540,21924
4541,22490
4542,22690
4543,22083
4544,22072
4545,20932
4546,19604
4547,22487
4548,22395
4549,19876
4550,22106
4551,19330
4552,22516
4553,21339
4554,20324
4555,22066
4556,19979
4557,22035
4558,19787
4559,22143
4560,19838
4561,22392
4562,20066
4563,21680
4564,22140
4565,19843
4566,22647
4567,19851
4568,22527
4569,19633
4570,21928
4571,21271
4572,21247
4573,21975
4574,19906
4575,22376
4576,19628
4577,22090
4578,19309
4579,22358
4580,19859
4581,22274
4582,22414
4583,19928
4584,22103
4585,19676
4586,22296
4587,19841
4588,21919
4589,19723
4590,22258
4591,22052
4592,19716
4593,21978
4594,19978
4595,22207
4596,19479
4597,22363
4598,19643
4599,21962
4600,22341
4601,20176
4602,22286
4603,19538
4604,21991
4605,19681
4606,22212
4607,19528
4608,22054
4609,21770
4610,20645
4611,22230
4612,20149
4613,22644
4614,19871
4615,22450
4616,20085
4617,22128
4618,20063
4619,22370
4620,22682
4621,19646
4622,22466
4623,20767
4624,22620
4625,19895
4626,22372
4627,19971
4628,22242
4629,22427
4630,19761
4631,22688
4632,19896
4633,22244
4634,19656
4635,22138
4636,19791
4637,22156
4638,22571
4639,11214
4640,22181
4641,21820
4642,22281
4643,22207
4644,22122
4645,22506
4646,22137
4647,22413
4648,22148
4649,22076
4650,22218
4651,22197
4652,22159
4653,22199
4654,22442
4655,22383
4656,22401
4657,18968
4658,22434
4659,22539
4660,22291
4661,22526
4662,22337
4663,22729
4664,22438
4665,22432
4666,22070
4667,22279
4668,22354
4669,22394
4670,22002
4671,22639
4672,22319
4673,22615
4674,22178
4675,22296
4676,22061
4677,22209
4678,22215
4679,22747
4680,22385
4681,22152
4682,22322
4683,22410
4684,22037
4685,22117
4686,22391
4687,22391
4688,22444
4689,22214
4690,22327
4691,22187
4692,22100
4693,20647
4694,22414
4695,22152
4696,19916
4697,22127
4698,19675
4699,22020
4700,21777
4701,20325
4702,22392
4703,19813
4704,22005
4705,20101
4706,22518
4707,19540
4708,22354
4709,21341
4710,20612
4711,22234
4712,19938
4713,22260
4714,19784
4715,22319
4716,15656
4717,217
4718,0
4719,431
4720,15766
4721,19751
4722,22226
4723,22484
4724,20118
4725,22160
4726,20067
4727,22318
4728,20119
4729,22662
4730,20343
4731,22150
4732,22592
4733,19853
4734,22406
4735,19913
4736,22042
4737,20075
4738,22575
4739,19829
4740,22133
4741,22475
4742,20438
4743,21957
4744,20239
4745,22507
4746,20071
4747,22634
4748,20198
4749,22498
4750,20229
4751,21752
4752,22553
4753,19989
4754,22254
4755,19874
4756,22549
4757,19730
4758,22173
4759,20073
4760,22254
4761,22484
4762,20237
4763,22630
4764,20090
4765,22366
4766,20023
4767,22256
4768,19590
4769,22545
4770,22589
4771,20024
4772,22003
4773,20000
4774,22360
4775,20060
4776,22387
4777,18212
4778,15581
4779,22000
4780,22595
4781,22514
4782,22557
4783,22239
4784,22486
4785,22413
4786,22639
4787,22623
4788,22041
4789,22289
4790,22599
4791,22558
4792,22699
4793,22776
4794,22255
4795,22537
4796,22332
4797,22419
4798,22507
4799,22394
4800,22531
4801,22766
4802,22234
4803,22378
4804,21960
4805,22024
4806,19084
4807,21731
4808,22494
4809,22358
4810,20101
4811,22896
4812,19591
4813,22301
4814,20509
4815,21972
4816,22296
4817,19853
4818,22348
4819,19512
4820,22109
4821,19913
4822,22422
4823,19957
4824,21696
4825,22312
4826,19494
4827,22061
4828,19760
4829,22084
4830,20006
4831,22126
4832,20103
4833,21873
4834,22149
4835,19808
4836,22332
4837,19661
4838,22094
4839,20073
4840,22512
4841,19565
4842,22062
4843,21433
4844,20681
4845,22450
4846,20263
4847,22203
4848,19528
4849,22243
4850,19935
4851,22166
4852,19851
4853,22321
4854,22447
4855,19493
4856,22230
4857,19884
4858,22353
4859,20104
4860,21854
4861,20330
4862,22246
4863,22146
4864,19890
4865,22199
4866,19852
4867,22269
4868,19586
4869,22309
4870,19583
4871,22205
4872,21205
4873,21004
4874,22017
4875,20288
4876,22405
4877,19570
4878,21988
4879,19974
4880,22429
4881,21939
4882,20214
4883,22461
4884,20025
4885,21997
4886,19933
4887,22471
4888,19688
4889,22171
4890,20648
4891,21433
4892,22588
4893,19791
4894,21983
4895,20067
4896,21876
4897,19605
4898,22158
4899,21653
4900,12043
4901,22128
4902,22028
4903,22113
4904,22444
4905,22374
4906,22441
4907,21999
4908,22539
4909,22127
4910,22562
4911,22062
4912,22185
4913,21849
4914,22405
4915,22312
4916,22082
4917,22696
4918,18700
4919,22521
4920,22412
4921,19814
4922,22382
4923,22023
4924,19407
4925,22467
4926,19401
4927,22289
4928,20274
4929,22343
4930,19582
4931,22415
4932,22097
4933,20118
4934,22153
4935,19706
4936,22298
4937,20140
4938,21874
4939,20071
4940,22373
4941,21742
4942,19824
4943,21787
4944,19970
4945,22219
4946,19560
4947,22446
4948,19734
4949,22103
4950,20285
4951,21411
4952,22660
4953,19685
4954,22008
4955,19854
4956,22097
4957,19659
4958,21924
4959,19916
4960,21841
4961,22153
4962,19582
4963,22508
4964,19981
4965,22322
4966,20137
4967,22590
4968,19835
4969,21568
4970,22463
4971,19809
4972,22124
4973,20063
4974,22382
4975,19695
4976,22321
4977,19974
4978,22261
4979,22372
4980,20014
4981,22265
4982,19804
4983,22606
4984,19401
4985,22523
4986,19851
4987,22476
4988,22411
4989,20322
4990,21984
4991,19439
4992,21985
4993,19946
4994,22087
4995,19641
4996,22527
4997,22677
4998,19783
4999,22425
5000,19942
5001,22144
5002,19875
5003,22012
5004,19869
5005,22512
5006,21587
5007,20412
5008,22461
5009,20210
5010,21989
5011,10963
5012,22221
5013,22192
5014,22144
5015,21943
5016,22354
5017,22038
5018,22122
5019,22468
5020,22418
5021,22366
5022,22310
5023,22101
5024,22138
5025,21872
5026,22009
5027,22405
5028,22036
5029,18630
5030,22550
5031,22040
5032,21919
5033,20090
5034,22170
5035,19810
5036,22332
5037,19891
5038,21707
5039,22006
5040,20216
5041,22270
5042,19892
5043,22476
5044,19916
5045,22166
5046,19594
5047,22148
5048,22515
5049,20140
5050,22041
5051,20058
5052,22300
5053,19779
5054,22112
5055,20020
5056,21996
5057,21437
5058,20960
5059,22680
5060,19527
5061,21952
5062,19760
5063,22192
5064,19430
5065,22555
5066,21233
5067,20895
5068,22094
5069,19774
5070,22100
5071,19948
5072,21857
5073,19951
5074,22271
5075,19625
5076,22217
5077,22793
5078,19236
5079,22093
5080,20169
5081,22085
5082,19589
5083,22265
5084,19770
5085,22068
5086,22236
5087,19513
5088,22109
5089,19797
5090,22397
5091,20174
5092,22480
5093,19938
5094,22015
5095,22029
5096,20000
5097,22111
5098,19710
5099,21901
5100,19759
5101,22152
5102,19732
5103,21728
5104,22029
5105,19746
5106,21988
5107,19692
5108,22084
5109,19460
5110,22193
5111,19911
5112,22566
5113,22346
5114,20005
5115,22065
5116,19971
5117,22488
5118,19806
5119,22230
5120,19923
5121,22465
5122,21868
5123,11292
5124,21947
5125,21870
5126,22380
5127,22267
5128,22115
5129,22045
5130,22421
5131,22827
5132,22651
5133,22283
5134,21856
5135,22059
5136,22139
5137,21867
5138,22191
5139,22175
5140,22405
5141,19156
5142,22087
5143,22066
5144,22577
5145,21959
5146,22292
5147,22138
5148,22709
5149,22061
5150,22200
5151,22103
5152,22094
5153,22236
5154,22135
5155,22162
5156,21946
5157,22429
5158,22347
5159,22314
5160,22416
5161,23033
5162,22525
5163,22298
5164,22098
5165,22087
5166,22225
5167,22444
5168,22027
5169,22498
5170,21858
5171,22344
5172,22707
5173,22515
5174,22271
5175,22353
5176,22309
5177,20582
5178,22146
5179,22447
5180,19945
5181,22660
5182,19892
5183,21827
5184,22342
5185,19400
5186,22182
5187,19950
5188,22156
5189,19719
5190,22162
5191,19501
5192,22635
5193,22030
5194,19897
5195,21987
5196,19682
5197,22669
5198,19872
5199,21983
5200,19820
5201,22245
5202,22126
5203,19721
5204,22521
5205,20164
5206,22182
5207,19827
5208,22214
5209,19430
5210,22185
5211,20514
5212,21722
5213,22368
5214,19984
5215,22261
5216,19793
5217,22137
5218,19946
5219,22323
5220,20073
5221,22609
5222,22307
5223,19876
5224,22152
5225,19883
5226,22352
5227,19520
5228,22058
5229,20049
5230,22102
5231,21779
5232,20874
5233,22718
5234,20377
5235,21893
5236,19996
5237,22518
5238,19704
5239,22020
5240,19663
5241,22486
5242,21968
5243,19766
5244,22320
5245,19656
5246,21878
5247,20276
5248,21912
5249,19447
5250,10514
5251,1450
5252,638
